	{

		"metadata": {
			"formatVersion" : 3.1,
			"generatedBy"   : "Blender 2.7 Exporter",
			"vertices"      : 78,
			"faces"         : 73,
			"normals"       : 36,
			"colors"        : 0,
			"uvs"           : [],
			"materials"     : 1,
			"morphTargets"  : 0,
			"bones"         : 0
		},

			"scale" : 1.000000,
			
			"vertices" : [-1.43306,-0.127983,-0.214867,-1.43306,1.23202,-0.214867,-1.43306,-0.127983,-0.614867,-1.43306,1.23202,-0.614867,-1.03306,-0.127983,-0.214867,-1.03306,1.23202,-0.214867,-1.03306,-0.127983,-0.614867,-1.03306,1.23202,-0.614867,-1.09337,-0.12,-1.29697,-0.966598,0.12,-1.29697,-1.65038,-0.12,-3.29697,-1.41765,0.12,-3.06724,0.944486,-0.12,-1.02694,0.944486,0.12,-1.02694,0.944486,-0.12,-3.29697,0.944486,0.12,-3.29697,0.944486,-0.12,-2.30837,0.944486,0.12,-2.382,-0.0944339,0.12,-3.17707,-0.122396,-0.12,-3.29697,-1.65038,-0.12,-2.19134,-1.47069,0.12,-2.18112,-0.897602,-0.12,-1.02694,-0.899413,0.12,-1.02694,0.94,-0.12,-1.02793,1.25849,-0.12,2.32,-0.94,-0.12,2.01391,-0.895313,-0.12,-1.02793,0.94,0.12,-1.02793,1.10675,0.12,2.22361,-0.800107,0.12,1.89952,-0.8991,0.12,-1.02793,0.94,-0.12,1.15258,0.823068,0.12,1.21344,1.25849,-0.12,1.40384,1.12826,0.12,1.60544,-0.618463,0.12,2.1468,-0.717071,-0.12,2.32,-1.43306,-0.127983,1.46744,-1.43306,1.23202,1.46744,-1.43306,-0.127983,1.06744,-1.43306,1.23202,1.06744,-1.03306,-0.127983,1.46744,-1.03306,1.23202,1.46744,-1.03306,-0.127983,1.06744,-1.03306,1.23202,1.06744,-1.31306,0.262017,1.62329,-1.31306,0.842017,1.62329,-1.31306,0.262017,-0.796713,-1.31306,0.842017,-0.796713,-1.15306,0.262017,1.62329,-1.15306,0.842017,1.62329,-1.15306,0.262017,-0.796713,-1.15306,0.842017,-0.796713,0.981315,-0.127983,-2.33064,0.981315,1.23202,-2.33064,0.981315,-0.127983,-2.73064,0.981315,1.23202,-2.73064,1.38132,-0.127983,-2.33064,1.38132,1.23202,-2.33064,1.38132,-0.127983,-2.73064,1.38132,1.23202,-2.73064,0.981315,-0.127983,0.00958197,0.981315,1.23202,0.00958191,0.981315,-0.127983,-0.390418,0.981315,1.23202,-0.390418,1.38132,-0.127983,0.00958197,1.38132,1.23202,0.00958191,1.38132,-0.127983,-0.390418,1.38132,1.23202,-0.390418,1.10132,0.262017,0.194834,1.10132,0.842017,0.194834,1.10132,0.262017,-2.88517,1.10132,0.842017,-2.88517,1.26132,0.262017,0.194834,1.26132,0.842017,0.194834,1.26132,0.262017,-2.88517,1.26132,0.842017,-2.88517],
			"faces"    : [35,0,1,3,2,0,0,1,2,3,35,2,3,7,6,0,3,2,4,5,35,6,7,5,4,0,5,4,6,7,35,1,0,4,5,0,1,0,7,6,35,4,0,2,6,0,7,0,3,5,35,7,3,1,5,0,4,2,1,6,35,8,9,21,20,1,8,9,10,11,35,10,11,18,19,1,12,13,14,15,35,14,15,17,16,1,16,17,18,19,35,12,13,23,22,1,7,6,20,21,34,20,10,19,1,11,12,15,34,19,14,16,1,15,16,19,34,16,12,22,1,19,7,21,34,22,8,20,1,21,8,11,34,20,19,16,1,11,15,19,34,16,22,20,1,19,21,11,34,17,15,18,1,18,17,14,34,18,11,21,1,14,13,10,34,9,23,13,1,9,20,6,34,18,21,9,1,14,10,9,34,13,17,18,1,6,18,14,34,18,9,13,1,14,9,6,35,16,17,13,12,1,19,18,6,7,35,19,18,15,14,1,15,14,17,16,35,20,21,11,10,1,11,10,13,12,35,9,8,22,23,1,9,8,21,20,34,27,24,32,2,22,23,24,34,32,34,25,2,24,25,26,34,25,37,26,2,26,27,28,34,26,27,32,2,28,22,24,34,32,25,26,2,24,26,28,34,33,28,31,2,29,30,31,34,31,30,36,2,31,32,33,34,36,29,35,2,33,34,35,34,33,31,36,2,29,31,33,34,36,35,33,2,33,35,29,35,24,28,33,32,2,23,30,29,24,35,25,29,36,37,2,26,34,33,27,35,26,30,31,27,2,28,32,31,22,35,28,24,27,31,2,30,23,22,31,35,32,33,35,34,2,24,29,35,25,35,34,35,29,25,2,25,35,34,26,35,37,36,30,26,2,27,33,32,28,35,38,39,41,40,3,0,1,2,3,35,40,41,45,44,3,3,2,4,5,35,44,45,43,42,3,5,4,6,7,35,39,38,42,43,3,1,0,7,6,35,42,38,40,44,3,7,0,3,5,35,45,41,39,43,3,4,2,1,6,35,46,47,49,48,4,0,1,2,3,35,48,49,53,52,4,3,2,4,5,35,52,53,51,50,4,5,4,6,7,35,47,46,50,51,4,1,0,7,6,35,50,46,48,52,4,7,0,3,5,35,53,49,47,51,4,4,2,1,6,35,54,55,57,56,5,0,1,2,3,35,56,57,61,60,5,3,2,4,5,35,60,61,59,58,5,5,4,6,7,35,55,54,58,59,5,1,0,7,6,35,58,54,56,60,5,7,0,3,5,35,61,57,55,59,5,4,2,1,6,35,62,63,65,64,6,0,1,2,3,35,64,65,69,68,6,3,2,4,5,35,68,69,67,66,6,5,4,6,7,35,63,62,66,67,6,1,0,7,6,35,66,62,64,68,6,7,0,3,5,35,69,65,63,67,6,4,2,1,6,35,70,71,73,72,7,0,1,2,3,35,72,73,77,76,7,3,2,4,5,35,76,77,75,74,7,5,4,6,7,35,71,70,74,75,7,1,0,7,6,35,74,70,72,76,7,7,0,3,5,35,77,73,71,75,7,4,2,1,6],
			"uvs"      : [],
			"normals"  : [-0.577349,-0.577349,0.577349,-0.577349,0.577349,0.577349,-0.577349,0.577349,-0.577349,-0.577349,-0.577349,-0.577349,0.577349,0.577349,-0.577349,0.577349,-0.577349,-0.577349,0.577349,0.577349,0.577349,0.577349,-0.577349,0.577349,-0.728935,-0.556352,0.398816,-0.518174,0.809687,0.27543,-0.497665,0.853023,0.156896,-0.89114,-0.398694,0.216468,-0.659688,-0.311716,-0.683798,-0.333659,0.876156,-0.347789,-0.026032,0.846095,-0.532365,-0.040284,-0.541276,-0.839839,0.609943,-0.48735,-0.624836,0.52794,0.654775,-0.540849,0.707144,0.707053,0,0.707083,-0.707083,0,-0.404096,0.637837,0.655599,-0.426954,-0.57326,0.699332,-0.61211,-0.467788,-0.637532,0.617023,-0.486557,-0.618488,0.916318,-0.251381,-0.311686,0.825617,-0.370586,-0.425428,0.71868,-0.296884,0.628742,-0.416425,-0.387951,0.822199,-0.833796,-0.466262,0.295511,0.499161,0.846522,-0.18482,0.532243,0.657277,-0.533494,-0.516953,0.673971,-0.527726,-0.574969,0.804437,0.149144,-0.23896,0.838343,0.489944,0.367687,0.822352,0.434156,0.518754,0.843623,-0.138401],
			
			"skinIndices"  : [],
			"skinWeights"  : [],
			"morphTargets" : [],
			
			"bones"      : [],
			"animations" : [],
			
			"colors"    : [],
			"materials" : [
				{
					"DbgColor": 15658734,
					"DbgIndex": 0,
					"DbgName": "Material.008",
					"blending": "NormalBlending",
					"colorAmbient": [0.2812261146489696, 0.11762182887825112, 0.002185393902441768],
					"colorDiffuse": [0.2812261146489696, 0.11762182887825112, 0.002185393902441768],
					"colorEmissive": [0.0, 0.0, 0.0],
					"colorSpecular": [0.5, 0.5, 0.5],
					"depthTest": true,
					"depthWrite": true,
					"shading": "Lambert",
					"specularCoef": 50,
					"transparency": 1.0,
					"transparent": false,
					"vertexColors": false
				},
				{
					"DbgColor": 15597568,
					"DbgIndex": 1,
					"DbgName": "Material.003",
					"blending": "NormalBlending",
					"colorAmbient": [0.800000011920929, 0.7509486787162523, 0.16406300312374533],
					"colorDiffuse": [0.800000011920929, 0.7509486787162523, 0.16406300312374533],
					"colorEmissive": [0.0, 0.0, 0.0],
					"colorSpecular": [0.5, 0.5, 0.5],
					"depthTest": true,
					"depthWrite": true,
					"shading": "Lambert",
					"specularCoef": 50,
					"transparency": 1.0,
					"transparent": false,
					"vertexColors": false
				},
				{
					"DbgColor": 15597568,
					"DbgIndex": 1,
					"DbgName": "Material.002",
					"blending": "NormalBlending",
					"colorAmbient": [0.800000011920929, 0.7509486787162523, 0.16406300312374533],
					"colorDiffuse": [0.800000011920929, 0.7509486787162523, 0.16406300312374533],
					"colorEmissive": [0.0, 0.0, 0.0],
					"colorSpecular": [0.5, 0.5, 0.5],
					"depthTest": true,
					"depthWrite": true,
					"shading": "Lambert",
					"specularCoef": 50,
					"transparency": 1.0,
					"transparent": false,
					"vertexColors": false
				},
				{
					"DbgColor": 15597568,
					"DbgIndex": 1,
					"DbgName": "Material.009",
					"blending": "NormalBlending",
					"colorAmbient": [0.2812261146489696, 0.11762182887825112, 0.002185393902441768],
					"colorDiffuse": [0.2812261146489696, 0.11762182887825112, 0.002185393902441768],
					"colorEmissive": [0.0, 0.0, 0.0],
					"colorSpecular": [0.5, 0.5, 0.5],
					"depthTest": true,
					"depthWrite": true,
					"shading": "Lambert",
					"specularCoef": 50,
					"transparency": 1.0,
					"transparent": false,
					"vertexColors": false
				},
				{
					"DbgColor": 15597568,
					"DbgIndex": 1,
					"DbgName": "Material.007",
					"blending": "NormalBlending",
					"colorAmbient": [0.2812261146489696, 0.11762182887825112, 0.002185393902441768],
					"colorDiffuse": [0.2812261146489696, 0.11762182887825112, 0.002185393902441768],
					"colorEmissive": [0.0, 0.0, 0.0],
					"colorSpecular": [0.5, 0.5, 0.5],
					"depthTest": true,
					"depthWrite": true,
					"shading": "Lambert",